step,forecast
1,69.21158656918676
2,69.21191886882126
3,69.21198842731596
4,69.21200298762143
5,69.21200603545184
6,69.21200667343778
7,69.21200680698395
8,69.21200683493845
9,69.21200684079001
10,69.21200684201489
11,69.21200684227128
12,69.21200684232495
13,69.2120068423362
14,69.21200684233854
